system:index,lat,lon,mean,station,year_month,.geo
20190101_0,24.9056,67.0822,69.52999877929688,Gulshan-e-Iqbal,2019-01,"{""type"":""Point"",""coordinates"":[67.0822,24.9056]}"
20190101_1,24.856,67.01,76.2300033569336,Saddar,2019-01,"{""type"":""Point"",""coordinates"":[67.01,24.856]}"
20190101_2,24.94,66.98,27.93000030517578,SITE_Industrial,2019-01,"{""type"":""Point"",""coordinates"":[66.98,24.94]}"
20190101_3,24.82,67.03,53.52000045776367,Korangi_Industrial,2019-01,"{""type"":""Point"",""coordinates"":[67.03,24.820000000000004]}"
20190101_4,24.98,67.12,13.90999984741211,North_Nazimabad,2019-01,"{""type"":""Point"",""coordinates"":[67.12,24.98]}"
20190101_5,24.89,67.13,35.79999923706055,Gulistan_Jauhar,2019-01,"{""type"":""Point"",""coordinates"":[67.13,24.89]}"
20190101_6,24.81,66.99,33.65999984741211,Landhi,2019-01,"{""type"":""Point"",""coordinates"":[66.99000000000001,24.809999999999995]}"
20190101_7,24.92,67.05,55.619998931884766,Federal_B_Area,2019-01,"{""type"":""Point"",""coordinates"":[67.05,24.92]}"
20190201_0,24.9056,67.0822,73.30999755859375,Gulshan-e-Iqbal,2019-02,"{""type"":""Point"",""coordinates"":[67.0822,24.9056]}"
20190201_1,24.856,67.01,96.0999984741211,Saddar,2019-02,"{""type"":""Point"",""coordinates"":[67.01,24.856]}"
20190201_2,24.94,66.98,39.040000915527344,SITE_Industrial,2019-02,"{""type"":""Point"",""coordinates"":[66.98,24.94]}"
20190201_3,24.82,67.03,58.869998931884766,Korangi_Industrial,2019-02,"{""type"":""Point"",""coordinates"":[67.03,24.820000000000004]}"
20190201_4,24.98,67.12,16.399999618530273,North_Nazimabad,2019-02,"{""type"":""Point"",""coordinates"":[67.12,24.98]}"
20190201_5,24.89,67.13,29.18000030517578,Gulistan_Jauhar,2019-02,"{""type"":""Point"",""coordinates"":[67.13,24.89]}"
20190201_6,24.81,66.99,42.689998626708984,Landhi,2019-02,"{""type"":""Point"",""coordinates"":[66.99000000000001,24.809999999999995]}"
20190201_7,24.92,67.05,59.04999923706055,Federal_B_Area,2019-02,"{""type"":""Point"",""coordinates"":[67.05,24.92]}"
20190301_0,24.9056,67.0822,78.29000091552734,Gulshan-e-Iqbal,2019-03,"{""type"":""Point"",""coordinates"":[67.0822,24.9056]}"
20190301_1,24.856,67.01,91.4800033569336,Saddar,2019-03,"{""type"":""Point"",""coordinates"":[67.01,24.856]}"
20190301_2,24.94,66.98,29.780000686645508,SITE_Industrial,2019-03,"{""type"":""Point"",""coordinates"":[66.98,24.94]}"
20190301_3,24.82,67.03,57.11000061035156,Korangi_Industrial,2019-03,"{""type"":""Point"",""coordinates"":[67.03,24.820000000000004]}"
20190301_4,24.98,67.12,12.15999984741211,North_Nazimabad,2019-03,"{""type"":""Point"",""coordinates"":[67.12,24.98]}"
20190301_5,24.89,67.13,19.010000228881836,Gulistan_Jauhar,2019-03,"{""type"":""Point"",""coordinates"":[67.13,24.89]}"
20190301_6,24.81,66.99,27.600000381469727,Landhi,2019-03,"{""type"":""Point"",""coordinates"":[66.99000000000001,24.809999999999995]}"
20190301_7,24.92,67.05,55.31999969482422,Federal_B_Area,2019-03,"{""type"":""Point"",""coordinates"":[67.05,24.92]}"
20190401_0,24.9056,67.0822,75.4800033569336,Gulshan-e-Iqbal,2019-04,"{""type"":""Point"",""coordinates"":[67.0822,24.9056]}"
20190401_1,24.856,67.01,87.72000122070312,Saddar,2019-04,"{""type"":""Point"",""coordinates"":[67.01,24.856]}"
20190401_2,24.94,66.98,29.139999389648438,SITE_Industrial,2019-04,"{""type"":""Point"",""coordinates"":[66.98,24.94]}"
20190401_3,24.82,67.03,58.59000015258789,Korangi_Industrial,2019-04,"{""type"":""Point"",""coordinates"":[67.03,24.820000000000004]}"
20190401_4,24.98,67.12,13.180000305175781,North_Nazimabad,2019-04,"{""type"":""Point"",""coordinates"":[67.12,24.98]}"
20190401_5,24.89,67.13,22.690000534057617,Gulistan_Jauhar,2019-04,"{""type"":""Point"",""coordinates"":[67.13,24.89]}"
20190401_6,24.81,66.99,44.349998474121094,Landhi,2019-04,"{""type"":""Point"",""coordinates"":[66.99000000000001,24.809999999999995]}"
20190401_7,24.92,67.05,54.0,Federal_B_Area,2019-04,"{""type"":""Point"",""coordinates"":[67.05,24.92]}"
20190501_0,24.9056,67.0822,79.7300033569336,Gulshan-e-Iqbal,2019-05,"{""type"":""Point"",""coordinates"":[67.0822,24.9056]}"
20190501_1,24.856,67.01,99.77999877929688,Saddar,2019-05,"{""type"":""Point"",""coordinates"":[67.01,24.856]}"
20190501_2,24.94,66.98,28.309999465942383,SITE_Industrial,2019-05,"{""type"":""Point"",""coordinates"":[66.98,24.94]}"
20190501_3,24.82,67.03,59.38999938964844,Korangi_Industrial,2019-05,"{""type"":""Point"",""coordinates"":[67.03,24.820000000000004]}"
20190501_4,24.98,67.12,15.4399995803833,North_Nazimabad,2019-05,"{""type"":""Point"",""coordinates"":[67.12,24.98]}"
20190501_5,24.89,67.13,22.520000457763672,Gulistan_Jauhar,2019-05,"{""type"":""Point"",""coordinates"":[67.13,24.89]}"
20190501_6,24.81,66.99,44.52000045776367,Landhi,2019-05,"{""type"":""Point"",""coordinates"":[66.99000000000001,24.809999999999995]}"
20190501_7,24.92,67.05,63.380001068115234,Federal_B_Area,2019-05,"{""type"":""Point"",""coordinates"":[67.05,24.92]}"
20190601_0,24.9056,67.0822,69.62999725341797,Gulshan-e-Iqbal,2019-06,"{""type"":""Point"",""coordinates"":[67.0822,24.9056]}"
20190601_1,24.856,67.01,88.41000366210938,Saddar,2019-06,"{""type"":""Point"",""coordinates"":[67.01,24.856]}"
20190601_2,24.94,66.98,23.639999389648438,SITE_Industrial,2019-06,"{""type"":""Point"",""coordinates"":[66.98,24.94]}"
20190601_3,24.82,67.03,55.0099983215332,Korangi_Industrial,2019-06,"{""type"":""Point"",""coordinates"":[67.03,24.820000000000004]}"
20190601_4,24.98,67.12,13.9399995803833,North_Nazimabad,2019-06,"{""type"":""Point"",""coordinates"":[67.12,24.98]}"
20190601_5,24.89,67.13,24.31999969482422,Gulistan_Jauhar,2019-06,"{""type"":""Point"",""coordinates"":[67.13,24.89]}"
20190601_6,24.81,66.99,39.45000076293945,Landhi,2019-06,"{""type"":""Point"",""coordinates"":[66.99000000000001,24.809999999999995]}"
20190601_7,24.92,67.05,53.66999816894531,Federal_B_Area,2019-06,"{""type"":""Point"",""coordinates"":[67.05,24.92]}"
20190701_0,24.9056,67.0822,44.58000183105469,Gulshan-e-Iqbal,2019-07,"{""type"":""Point"",""coordinates"":[67.0822,24.9056]}"
20190701_1,24.856,67.01,55.5099983215332,Saddar,2019-07,"{""type"":""Point"",""coordinates"":[67.01,24.856]}"
20190701_2,24.94,66.98,16.90999984741211,SITE_Industrial,2019-07,"{""type"":""Point"",""coordinates"":[66.98,24.94]}"
20190701_3,24.82,67.03,40.900001525878906,Korangi_Industrial,2019-07,"{""type"":""Point"",""coordinates"":[67.03,24.820000000000004]}"
20190701_4,24.98,67.12,11.3100004196167,North_Nazimabad,2019-07,"{""type"":""Point"",""coordinates"":[67.12,24.98]}"
20190701_5,24.89,67.13,22.43000030517578,Gulistan_Jauhar,2019-07,"{""type"":""Point"",""coordinates"":[67.13,24.89]}"
20190701_6,24.81,66.99,33.900001525878906,Landhi,2019-07,"{""type"":""Point"",""coordinates"":[66.99000000000001,24.809999999999995]}"
20190701_7,24.92,67.05,32.08000183105469,Federal_B_Area,2019-07,"{""type"":""Point"",""coordinates"":[67.05,24.92]}"
20190801_0,24.9056,67.0822,31.559999465942383,Gulshan-e-Iqbal,2019-08,"{""type"":""Point"",""coordinates"":[67.0822,24.9056]}"
20190801_1,24.856,67.01,54.220001220703125,Saddar,2019-08,"{""type"":""Point"",""coordinates"":[67.01,24.856]}"
20190801_2,24.94,66.98,13.5,SITE_Industrial,2019-08,"{""type"":""Point"",""coordinates"":[66.98,24.94]}"
20190801_3,24.82,67.03,41.52000045776367,Korangi_Industrial,2019-08,"{""type"":""Point"",""coordinates"":[67.03,24.820000000000004]}"
20190801_4,24.98,67.12,8.84000015258789,North_Nazimabad,2019-08,"{""type"":""Point"",""coordinates"":[67.12,24.98]}"
20190801_5,24.89,67.13,16.950000762939453,Gulistan_Jauhar,2019-08,"{""type"":""Point"",""coordinates"":[67.13,24.89]}"
20190801_6,24.81,66.99,29.610000610351562,Landhi,2019-08,"{""type"":""Point"",""coordinates"":[66.99000000000001,24.809999999999995]}"
20190801_7,24.92,67.05,37.36000061035156,Federal_B_Area,2019-08,"{""type"":""Point"",""coordinates"":[67.05,24.92]}"
20190901_0,24.9056,67.0822,47.25,Gulshan-e-Iqbal,2019-09,"{""type"":""Point"",""coordinates"":[67.0822,24.9056]}"
20190901_1,24.856,67.01,55.779998779296875,Saddar,2019-09,"{""type"":""Point"",""coordinates"":[67.01,24.856]}"
20190901_2,24.94,66.98,14.670000076293945,SITE_Industrial,2019-09,"{""type"":""Point"",""coordinates"":[66.98,24.94]}"
20190901_3,24.82,67.03,42.310001373291016,Korangi_Industrial,2019-09,"{""type"":""Point"",""coordinates"":[67.03,24.820000000000004]}"
20190901_4,24.98,67.12,9.329999923706055,North_Nazimabad,2019-09,"{""type"":""Point"",""coordinates"":[67.12,24.98]}"
20190901_5,24.89,67.13,19.43000030517578,Gulistan_Jauhar,2019-09,"{""type"":""Point"",""coordinates"":[67.13,24.89]}"
20190901_6,24.81,66.99,33.7400016784668,Landhi,2019-09,"{""type"":""Point"",""coordinates"":[66.99000000000001,24.809999999999995]}"
20190901_7,24.92,67.05,37.029998779296875,Federal_B_Area,2019-09,"{""type"":""Point"",""coordinates"":[67.05,24.92]}"
20191001_0,24.9056,67.0822,68.88999938964844,Gulshan-e-Iqbal,2019-10,"{""type"":""Point"",""coordinates"":[67.0822,24.9056]}"
20191001_1,24.856,67.01,85.12999725341797,Saddar,2019-10,"{""type"":""Point"",""coordinates"":[67.01,24.856]}"
20191001_2,24.94,66.98,20.989999771118164,SITE_Industrial,2019-10,"{""type"":""Point"",""coordinates"":[66.98,24.94]}"
20191001_3,24.82,67.03,55.209999084472656,Korangi_Industrial,2019-10,"{""type"":""Point"",""coordinates"":[67.03,24.820000000000004]}"
20191001_4,24.98,67.12,10.770000457763672,North_Nazimabad,2019-10,"{""type"":""Point"",""coordinates"":[67.12,24.98]}"
20191001_5,24.89,67.13,26.5,Gulistan_Jauhar,2019-10,"{""type"":""Point"",""coordinates"":[67.13,24.89]}"
20191001_6,24.81,66.99,35.38999938964844,Landhi,2019-10,"{""type"":""Point"",""coordinates"":[66.99000000000001,24.809999999999995]}"
20191001_7,24.92,67.05,48.59000015258789,Federal_B_Area,2019-10,"{""type"":""Point"",""coordinates"":[67.05,24.92]}"
20191101_0,24.9056,67.0822,72.94000244140625,Gulshan-e-Iqbal,2019-11,"{""type"":""Point"",""coordinates"":[67.0822,24.9056]}"
20191101_1,24.856,67.01,103.7300033569336,Saddar,2019-11,"{""type"":""Point"",""coordinates"":[67.01,24.856]}"
20191101_2,24.94,66.98,27.829999923706055,SITE_Industrial,2019-11,"{""type"":""Point"",""coordinates"":[66.98,24.94]}"
20191101_3,24.82,67.03,60.900001525878906,Korangi_Industrial,2019-11,"{""type"":""Point"",""coordinates"":[67.03,24.820000000000004]}"
20191101_4,24.98,67.12,13.729999542236328,North_Nazimabad,2019-11,"{""type"":""Point"",""coordinates"":[67.12,24.98]}"
20191101_5,24.89,67.13,29.079999923706055,Gulistan_Jauhar,2019-11,"{""type"":""Point"",""coordinates"":[67.13,24.89]}"
20191101_6,24.81,66.99,38.529998779296875,Landhi,2019-11,"{""type"":""Point"",""coordinates"":[66.99000000000001,24.809999999999995]}"
20191101_7,24.92,67.05,57.849998474121094,Federal_B_Area,2019-11,"{""type"":""Point"",""coordinates"":[67.05,24.92]}"
20191201_0,24.9056,67.0822,87.94999694824219,Gulshan-e-Iqbal,2019-12,"{""type"":""Point"",""coordinates"":[67.0822,24.9056]}"
20191201_1,24.856,67.01,118.30999755859375,Saddar,2019-12,"{""type"":""Point"",""coordinates"":[67.01,24.856]}"
20191201_2,24.94,66.98,28.68000030517578,SITE_Industrial,2019-12,"{""type"":""Point"",""coordinates"":[66.98,24.94]}"
20191201_3,24.82,67.03,74.7699966430664,Korangi_Industrial,2019-12,"{""type"":""Point"",""coordinates"":[67.03,24.820000000000004]}"
20191201_4,24.98,67.12,11.539999961853027,North_Nazimabad,2019-12,"{""type"":""Point"",""coordinates"":[67.12,24.98]}"
20191201_5,24.89,67.13,26.530000686645508,Gulistan_Jauhar,2019-12,"{""type"":""Point"",""coordinates"":[67.13,24.89]}"
20191201_6,24.81,66.99,44.310001373291016,Landhi,2019-12,"{""type"":""Point"",""coordinates"":[66.99000000000001,24.809999999999995]}"
20191201_7,24.92,67.05,66.86000061035156,Federal_B_Area,2019-12,"{""type"":""Point"",""coordinates"":[67.05,24.92]}"
20200101_0,24.9056,67.0822,80.56999969482422,Gulshan-e-Iqbal,2020-01,"{""type"":""Point"",""coordinates"":[67.0822,24.9056]}"
20200101_1,24.856,67.01,103.88999938964844,Saddar,2020-01,"{""type"":""Point"",""coordinates"":[67.01,24.856]}"
20200101_2,24.94,66.98,31.59000015258789,SITE_Industrial,2020-01,"{""type"":""Point"",""coordinates"":[66.98,24.94]}"
20200101_3,24.82,67.03,75.2300033569336,Korangi_Industrial,2020-01,"{""type"":""Point"",""coordinates"":[67.03,24.820000000000004]}"
20200101_4,24.98,67.12,13.699999809265137,North_Nazimabad,2020-01,"{""type"":""Point"",""coordinates"":[67.12,24.98]}"
20200101_5,24.89,67.13,23.459999084472656,Gulistan_Jauhar,2020-01,"{""type"":""Point"",""coordinates"":[67.13,24.89]}"
20200101_6,24.81,66.99,57.72999954223633,Landhi,2020-01,"{""type"":""Point"",""coordinates"":[66.99000000000001,24.809999999999995]}"
20200101_7,24.92,67.05,66.33000183105469,Federal_B_Area,2020-01,"{""type"":""Point"",""coordinates"":[67.05,24.92]}"
20200201_0,24.9056,67.0822,76.63999938964844,Gulshan-e-Iqbal,2020-02,"{""type"":""Point"",""coordinates"":[67.0822,24.9056]}"
20200201_1,24.856,67.01,107.43000030517578,Saddar,2020-02,"{""type"":""Point"",""coordinates"":[67.01,24.856]}"
20200201_2,24.94,66.98,25.360000610351562,SITE_Industrial,2020-02,"{""type"":""Point"",""coordinates"":[66.98,24.94]}"
20200201_3,24.82,67.03,66.45999908447266,Korangi_Industrial,2020-02,"{""type"":""Point"",""coordinates"":[67.03,24.820000000000004]}"
20200201_4,24.98,67.12,14.390000343322754,North_Nazimabad,2020-02,"{""type"":""Point"",""coordinates"":[67.12,24.98]}"
20200201_5,24.89,67.13,22.8700008392334,Gulistan_Jauhar,2020-02,"{""type"":""Point"",""coordinates"":[67.13,24.89]}"
20200201_6,24.81,66.99,38.09000015258789,Landhi,2020-02,"{""type"":""Point"",""coordinates"":[66.99000000000001,24.809999999999995]}"
20200201_7,24.92,67.05,60.91999816894531,Federal_B_Area,2020-02,"{""type"":""Point"",""coordinates"":[67.05,24.92]}"
20200301_0,24.9056,67.0822,75.2699966430664,Gulshan-e-Iqbal,2020-03,"{""type"":""Point"",""coordinates"":[67.0822,24.9056]}"
20200301_1,24.856,67.01,97.11000061035156,Saddar,2020-03,"{""type"":""Point"",""coordinates"":[67.01,24.856]}"
20200301_2,24.94,66.98,26.31999969482422,SITE_Industrial,2020-03,"{""type"":""Point"",""coordinates"":[66.98,24.94]}"
20200301_3,24.82,67.03,64.94999694824219,Korangi_Industrial,2020-03,"{""type"":""Point"",""coordinates"":[67.03,24.820000000000004]}"
20200301_4,24.98,67.12,13.800000190734863,North_Nazimabad,2020-03,"{""type"":""Point"",""coordinates"":[67.12,24.98]}"
20200301_5,24.89,67.13,22.540000915527344,Gulistan_Jauhar,2020-03,"{""type"":""Point"",""coordinates"":[67.13,24.89]}"
20200301_6,24.81,66.99,47.47999954223633,Landhi,2020-03,"{""type"":""Point"",""coordinates"":[66.99000000000001,24.809999999999995]}"
20200301_7,24.92,67.05,62.72999954223633,Federal_B_Area,2020-03,"{""type"":""Point"",""coordinates"":[67.05,24.92]}"
20200401_0,24.9056,67.0822,66.56999969482422,Gulshan-e-Iqbal,2020-04,"{""type"":""Point"",""coordinates"":[67.0822,24.9056]}"
20200401_1,24.856,67.01,85.62999725341797,Saddar,2020-04,"{""type"":""Point"",""coordinates"":[67.01,24.856]}"
20200401_2,24.94,66.98,28.260000228881836,SITE_Industrial,2020-04,"{""type"":""Point"",""coordinates"":[66.98,24.94]}"
20200401_3,24.82,67.03,54.439998626708984,Korangi_Industrial,2020-04,"{""type"":""Point"",""coordinates"":[67.03,24.820000000000004]}"
20200401_4,24.98,67.12,11.770000457763672,North_Nazimabad,2020-04,"{""type"":""Point"",""coordinates"":[67.12,24.98]}"
20200401_5,24.89,67.13,21.31999969482422,Gulistan_Jauhar,2020-04,"{""type"":""Point"",""coordinates"":[67.13,24.89]}"
20200401_6,24.81,66.99,46.310001373291016,Landhi,2020-04,"{""type"":""Point"",""coordinates"":[66.99000000000001,24.809999999999995]}"
20200401_7,24.92,67.05,51.83000183105469,Federal_B_Area,2020-04,"{""type"":""Point"",""coordinates"":[67.05,24.92]}"
20200501_0,24.9056,67.0822,67.72000122070312,Gulshan-e-Iqbal,2020-05,"{""type"":""Point"",""coordinates"":[67.0822,24.9056]}"
20200501_1,24.856,67.01,88.83999633789062,Saddar,2020-05,"{""type"":""Point"",""coordinates"":[67.01,24.856]}"
20200501_2,24.94,66.98,27.3700008392334,SITE_Industrial,2020-05,"{""type"":""Point"",""coordinates"":[66.98,24.94]}"
20200501_3,24.82,67.03,50.38999938964844,Korangi_Industrial,2020-05,"{""type"":""Point"",""coordinates"":[67.03,24.820000000000004]}"
20200501_4,24.98,67.12,13.09000015258789,North_Nazimabad,2020-05,"{""type"":""Point"",""coordinates"":[67.12,24.98]}"
20200501_5,24.89,67.13,25.920000076293945,Gulistan_Jauhar,2020-05,"{""type"":""Point"",""coordinates"":[67.13,24.89]}"
20200501_6,24.81,66.99,50.81999969482422,Landhi,2020-05,"{""type"":""Point"",""coordinates"":[66.99000000000001,24.809999999999995]}"
20200501_7,24.92,67.05,50.529998779296875,Federal_B_Area,2020-05,"{""type"":""Point"",""coordinates"":[67.05,24.92]}"
20200601_0,24.9056,67.0822,49.939998626708984,Gulshan-e-Iqbal,2020-06,"{""type"":""Point"",""coordinates"":[67.0822,24.9056]}"
20200601_1,24.856,67.01,68.18000030517578,Saddar,2020-06,"{""type"":""Point"",""coordinates"":[67.01,24.856]}"
20200601_2,24.94,66.98,19.139999389648438,SITE_Industrial,2020-06,"{""type"":""Point"",""coordinates"":[66.98,24.94]}"
20200601_3,24.82,67.03,46.16999816894531,Korangi_Industrial,2020-06,"{""type"":""Point"",""coordinates"":[67.03,24.820000000000004]}"
20200601_4,24.98,67.12,9.40999984741211,North_Nazimabad,2020-06,"{""type"":""Point"",""coordinates"":[67.12,24.98]}"
20200601_5,24.89,67.13,18.079999923706055,Gulistan_Jauhar,2020-06,"{""type"":""Point"",""coordinates"":[67.13,24.89]}"
20200601_6,24.81,66.99,46.040000915527344,Landhi,2020-06,"{""type"":""Point"",""coordinates"":[66.99000000000001,24.809999999999995]}"
20200601_7,24.92,67.05,40.56999969482422,Federal_B_Area,2020-06,"{""type"":""Point"",""coordinates"":[67.05,24.92]}"
20200701_0,24.9056,67.0822,61.880001068115234,Gulshan-e-Iqbal,2020-07,"{""type"":""Point"",""coordinates"":[67.0822,24.9056]}"
20200701_1,24.856,67.01,56.650001525878906,Saddar,2020-07,"{""type"":""Point"",""coordinates"":[67.01,24.856]}"
20200701_2,24.94,66.98,10.800000190734863,SITE_Industrial,2020-07,"{""type"":""Point"",""coordinates"":[66.98,24.94]}"
20200701_3,24.82,67.03,44.06999969482422,Korangi_Industrial,2020-07,"{""type"":""Point"",""coordinates"":[67.03,24.820000000000004]}"
20200701_4,24.98,67.12,11.670000076293945,North_Nazimabad,2020-07,"{""type"":""Point"",""coordinates"":[67.12,24.98]}"
20200701_5,24.89,67.13,14.619999885559082,Gulistan_Jauhar,2020-07,"{""type"":""Point"",""coordinates"":[67.13,24.89]}"
20200701_6,24.81,66.99,24.200000762939453,Landhi,2020-07,"{""type"":""Point"",""coordinates"":[66.99000000000001,24.809999999999995]}"
20200701_7,24.92,67.05,26.600000381469727,Federal_B_Area,2020-07,"{""type"":""Point"",""coordinates"":[67.05,24.92]}"
20200801_0,24.9056,67.0822,35.63999938964844,Gulshan-e-Iqbal,2020-08,"{""type"":""Point"",""coordinates"":[67.0822,24.9056]}"
20200801_1,24.856,67.01,0.0,Saddar,2020-08,"{""type"":""Point"",""coordinates"":[67.01,24.856]}"
20200801_2,24.94,66.98,5.570000171661377,SITE_Industrial,2020-08,"{""type"":""Point"",""coordinates"":[66.98,24.94]}"
20200801_3,24.82,67.03,0.0,Korangi_Industrial,2020-08,"{""type"":""Point"",""coordinates"":[67.03,24.820000000000004]}"
20200801_4,24.98,67.12,9.079999923706055,North_Nazimabad,2020-08,"{""type"":""Point"",""coordinates"":[67.12,24.98]}"
20200801_5,24.89,67.13,0.0,Gulistan_Jauhar,2020-08,"{""type"":""Point"",""coordinates"":[67.13,24.89]}"
20200801_6,24.81,66.99,0.0,Landhi,2020-08,"{""type"":""Point"",""coordinates"":[66.99000000000001,24.809999999999995]}"
20200801_7,24.92,67.05,24.31999969482422,Federal_B_Area,2020-08,"{""type"":""Point"",""coordinates"":[67.05,24.92]}"
20200901_0,24.9056,67.0822,48.22999954223633,Gulshan-e-Iqbal,2020-09,"{""type"":""Point"",""coordinates"":[67.0822,24.9056]}"
20200901_1,24.856,67.01,71.26000213623047,Saddar,2020-09,"{""type"":""Point"",""coordinates"":[67.01,24.856]}"
20200901_2,24.94,66.98,17.450000762939453,SITE_Industrial,2020-09,"{""type"":""Point"",""coordinates"":[66.98,24.94]}"
20200901_3,24.82,67.03,61.59000015258789,Korangi_Industrial,2020-09,"{""type"":""Point"",""coordinates"":[67.03,24.820000000000004]}"
20200901_4,24.98,67.12,9.420000076293945,North_Nazimabad,2020-09,"{""type"":""Point"",""coordinates"":[67.12,24.98]}"
20200901_5,24.89,67.13,21.739999771118164,Gulistan_Jauhar,2020-09,"{""type"":""Point"",""coordinates"":[67.13,24.89]}"
20200901_6,24.81,66.99,32.529998779296875,Landhi,2020-09,"{""type"":""Point"",""coordinates"":[66.99000000000001,24.809999999999995]}"
20200901_7,24.92,67.05,40.09000015258789,Federal_B_Area,2020-09,"{""type"":""Point"",""coordinates"":[67.05,24.92]}"
20201001_0,24.9056,67.0822,60.779998779296875,Gulshan-e-Iqbal,2020-10,"{""type"":""Point"",""coordinates"":[67.0822,24.9056]}"
20201001_1,24.856,67.01,99.95999908447266,Saddar,2020-10,"{""type"":""Point"",""coordinates"":[67.01,24.856]}"
20201001_2,24.94,66.98,21.290000915527344,SITE_Industrial,2020-10,"{""type"":""Point"",""coordinates"":[66.98,24.94]}"
20201001_3,24.82,67.03,67.01000213623047,Korangi_Industrial,2020-10,"{""type"":""Point"",""coordinates"":[67.03,24.820000000000004]}"
20201001_4,24.98,67.12,10.800000190734863,North_Nazimabad,2020-10,"{""type"":""Point"",""coordinates"":[67.12,24.98]}"
20201001_5,24.89,67.13,23.25,Gulistan_Jauhar,2020-10,"{""type"":""Point"",""coordinates"":[67.13,24.89]}"
20201001_6,24.81,66.99,45.2400016784668,Landhi,2020-10,"{""type"":""Point"",""coordinates"":[66.99000000000001,24.809999999999995]}"
20201001_7,24.92,67.05,54.90999984741211,Federal_B_Area,2020-10,"{""type"":""Point"",""coordinates"":[67.05,24.92]}"
20201101_0,24.9056,67.0822,56.779998779296875,Gulshan-e-Iqbal,2020-11,"{""type"":""Point"",""coordinates"":[67.0822,24.9056]}"
20201101_1,24.856,67.01,77.91000366210938,Saddar,2020-11,"{""type"":""Point"",""coordinates"":[67.01,24.856]}"
20201101_2,24.94,66.98,23.200000762939453,SITE_Industrial,2020-11,"{""type"":""Point"",""coordinates"":[66.98,24.94]}"
20201101_3,24.82,67.03,63.189998626708984,Korangi_Industrial,2020-11,"{""type"":""Point"",""coordinates"":[67.03,24.820000000000004]}"
20201101_4,24.98,67.12,12.359999656677246,North_Nazimabad,2020-11,"{""type"":""Point"",""coordinates"":[67.12,24.98]}"
20201101_5,24.89,67.13,24.520000457763672,Gulistan_Jauhar,2020-11,"{""type"":""Point"",""coordinates"":[67.13,24.89]}"
20201101_6,24.81,66.99,63.11000061035156,Landhi,2020-11,"{""type"":""Point"",""coordinates"":[66.99000000000001,24.809999999999995]}"
20201101_7,24.92,67.05,49.970001220703125,Federal_B_Area,2020-11,"{""type"":""Point"",""coordinates"":[67.05,24.92]}"
20201201_0,24.9056,67.0822,64.69000244140625,Gulshan-e-Iqbal,2020-12,"{""type"":""Point"",""coordinates"":[67.0822,24.9056]}"
20201201_1,24.856,67.01,95.91999816894531,Saddar,2020-12,"{""type"":""Point"",""coordinates"":[67.01,24.856]}"
20201201_2,24.94,66.98,28.5,SITE_Industrial,2020-12,"{""type"":""Point"",""coordinates"":[66.98,24.94]}"
20201201_3,24.82,67.03,75.75,Korangi_Industrial,2020-12,"{""type"":""Point"",""coordinates"":[67.03,24.820000000000004]}"
20201201_4,24.98,67.12,11.300000190734863,North_Nazimabad,2020-12,"{""type"":""Point"",""coordinates"":[67.12,24.98]}"
20201201_5,24.89,67.13,25.06999969482422,Gulistan_Jauhar,2020-12,"{""type"":""Point"",""coordinates"":[67.13,24.89]}"
20201201_6,24.81,66.99,31.770000457763672,Landhi,2020-12,"{""type"":""Point"",""coordinates"":[66.99000000000001,24.809999999999995]}"
20201201_7,24.92,67.05,52.400001525878906,Federal_B_Area,2020-12,"{""type"":""Point"",""coordinates"":[67.05,24.92]}"
20210101_0,24.9056,67.0822,61.86000061035156,Gulshan-e-Iqbal,2021-01,"{""type"":""Point"",""coordinates"":[67.0822,24.9056]}"
20210101_1,24.856,67.01,90.4800033569336,Saddar,2021-01,"{""type"":""Point"",""coordinates"":[67.01,24.856]}"
20210101_2,24.94,66.98,24.110000610351562,SITE_Industrial,2021-01,"{""type"":""Point"",""coordinates"":[66.98,24.94]}"
20210101_3,24.82,67.03,66.95999908447266,Korangi_Industrial,2021-01,"{""type"":""Point"",""coordinates"":[67.03,24.820000000000004]}"
20210101_4,24.98,67.12,13.510000228881836,North_Nazimabad,2021-01,"{""type"":""Point"",""coordinates"":[67.12,24.98]}"
20210101_5,24.89,67.13,25.959999084472656,Gulistan_Jauhar,2021-01,"{""type"":""Point"",""coordinates"":[67.13,24.89]}"
20210101_6,24.81,66.99,62.470001220703125,Landhi,2021-01,"{""type"":""Point"",""coordinates"":[66.99000000000001,24.809999999999995]}"
20210101_7,24.92,67.05,49.720001220703125,Federal_B_Area,2021-01,"{""type"":""Point"",""coordinates"":[67.05,24.92]}"
20210201_0,24.9056,67.0822,70.5999984741211,Gulshan-e-Iqbal,2021-02,"{""type"":""Point"",""coordinates"":[67.0822,24.9056]}"
20210201_1,24.856,67.01,95.87000274658203,Saddar,2021-02,"{""type"":""Point"",""coordinates"":[67.01,24.856]}"
20210201_2,24.94,66.98,23.770000457763672,SITE_Industrial,2021-02,"{""type"":""Point"",""coordinates"":[66.98,24.94]}"
20210201_3,24.82,67.03,74.02999877929688,Korangi_Industrial,2021-02,"{""type"":""Point"",""coordinates"":[67.03,24.820000000000004]}"
20210201_4,24.98,67.12,14.850000381469727,North_Nazimabad,2021-02,"{""type"":""Point"",""coordinates"":[67.12,24.98]}"
20210201_5,24.89,67.13,23.790000915527344,Gulistan_Jauhar,2021-02,"{""type"":""Point"",""coordinates"":[67.13,24.89]}"
20210201_6,24.81,66.99,24.43000030517578,Landhi,2021-02,"{""type"":""Point"",""coordinates"":[66.99000000000001,24.809999999999995]}"
20210201_7,24.92,67.05,61.849998474121094,Federal_B_Area,2021-02,"{""type"":""Point"",""coordinates"":[67.05,24.92]}"
20210301_0,24.9056,67.0822,65.81999969482422,Gulshan-e-Iqbal,2021-03,"{""type"":""Point"",""coordinates"":[67.0822,24.9056]}"
20210301_1,24.856,67.01,86.0199966430664,Saddar,2021-03,"{""type"":""Point"",""coordinates"":[67.01,24.856]}"
20210301_2,24.94,66.98,22.809999465942383,SITE_Industrial,2021-03,"{""type"":""Point"",""coordinates"":[66.98,24.94]}"
20210301_3,24.82,67.03,70.19000244140625,Korangi_Industrial,2021-03,"{""type"":""Point"",""coordinates"":[67.03,24.820000000000004]}"
20210301_4,24.98,67.12,14.960000038146973,North_Nazimabad,2021-03,"{""type"":""Point"",""coordinates"":[67.12,24.98]}"
20210301_5,24.89,67.13,29.56999969482422,Gulistan_Jauhar,2021-03,"{""type"":""Point"",""coordinates"":[67.13,24.89]}"
20210301_6,24.81,66.99,35.86000061035156,Landhi,2021-03,"{""type"":""Point"",""coordinates"":[66.99000000000001,24.809999999999995]}"
20210301_7,24.92,67.05,60.20000076293945,Federal_B_Area,2021-03,"{""type"":""Point"",""coordinates"":[67.05,24.92]}"
20210401_0,24.9056,67.0822,71.9800033569336,Gulshan-e-Iqbal,2021-04,"{""type"":""Point"",""coordinates"":[67.0822,24.9056]}"
20210401_1,24.856,67.01,98.62999725341797,Saddar,2021-04,"{""type"":""Point"",""coordinates"":[67.01,24.856]}"
20210401_2,24.94,66.98,22.049999237060547,SITE_Industrial,2021-04,"{""type"":""Point"",""coordinates"":[66.98,24.94]}"
20210401_3,24.82,67.03,64.2300033569336,Korangi_Industrial,2021-04,"{""type"":""Point"",""coordinates"":[67.03,24.820000000000004]}"
20210401_4,24.98,67.12,17.610000610351562,North_Nazimabad,2021-04,"{""type"":""Point"",""coordinates"":[67.12,24.98]}"
20210401_5,24.89,67.13,29.389999389648438,Gulistan_Jauhar,2021-04,"{""type"":""Point"",""coordinates"":[67.13,24.89]}"
20210401_6,24.81,66.99,31.31999969482422,Landhi,2021-04,"{""type"":""Point"",""coordinates"":[66.99000000000001,24.809999999999995]}"
20210401_7,24.92,67.05,57.20000076293945,Federal_B_Area,2021-04,"{""type"":""Point"",""coordinates"":[67.05,24.92]}"
20210501_0,24.9056,67.0822,65.27999877929688,Gulshan-e-Iqbal,2021-05,"{""type"":""Point"",""coordinates"":[67.0822,24.9056]}"
20210501_1,24.856,67.01,87.62000274658203,Saddar,2021-05,"{""type"":""Point"",""coordinates"":[67.01,24.856]}"
20210501_2,24.94,66.98,22.68000030517578,SITE_Industrial,2021-05,"{""type"":""Point"",""coordinates"":[66.98,24.94]}"
20210501_3,24.82,67.03,60.5,Korangi_Industrial,2021-05,"{""type"":""Point"",""coordinates"":[67.03,24.820000000000004]}"
20210501_4,24.98,67.12,16.489999771118164,North_Nazimabad,2021-05,"{""type"":""Point"",""coordinates"":[67.12,24.98]}"
20210501_5,24.89,67.13,23.940000534057617,Gulistan_Jauhar,2021-05,"{""type"":""Point"",""coordinates"":[67.13,24.89]}"
20210501_6,24.81,66.99,30.809999465942383,Landhi,2021-05,"{""type"":""Point"",""coordinates"":[66.99000000000001,24.809999999999995]}"
20210501_7,24.92,67.05,53.779998779296875,Federal_B_Area,2021-05,"{""type"":""Point"",""coordinates"":[67.05,24.92]}"
20210601_0,24.9056,67.0822,54.61000061035156,Gulshan-e-Iqbal,2021-06,"{""type"":""Point"",""coordinates"":[67.0822,24.9056]}"
20210601_1,24.856,67.01,71.94000244140625,Saddar,2021-06,"{""type"":""Point"",""coordinates"":[67.01,24.856]}"
20210601_2,24.94,66.98,17.6200008392334,SITE_Industrial,2021-06,"{""type"":""Point"",""coordinates"":[66.98,24.94]}"
20210601_3,24.82,67.03,48.459999084472656,Korangi_Industrial,2021-06,"{""type"":""Point"",""coordinates"":[67.03,24.820000000000004]}"
20210601_4,24.98,67.12,13.640000343322754,North_Nazimabad,2021-06,"{""type"":""Point"",""coordinates"":[67.12,24.98]}"
20210601_5,24.89,67.13,26.799999237060547,Gulistan_Jauhar,2021-06,"{""type"":""Point"",""coordinates"":[67.13,24.89]}"
20210601_6,24.81,66.99,36.970001220703125,Landhi,2021-06,"{""type"":""Point"",""coordinates"":[66.99000000000001,24.809999999999995]}"
20210601_7,24.92,67.05,42.84000015258789,Federal_B_Area,2021-06,"{""type"":""Point"",""coordinates"":[67.05,24.92]}"
20210701_0,24.9056,67.0822,51.75,Gulshan-e-Iqbal,2021-07,"{""type"":""Point"",""coordinates"":[67.0822,24.9056]}"
20210701_1,24.856,67.01,74.19000244140625,Saddar,2021-07,"{""type"":""Point"",""coordinates"":[67.01,24.856]}"
20210701_2,24.94,66.98,17.309999465942383,SITE_Industrial,2021-07,"{""type"":""Point"",""coordinates"":[66.98,24.94]}"
20210701_3,24.82,67.03,56.88999938964844,Korangi_Industrial,2021-07,"{""type"":""Point"",""coordinates"":[67.03,24.820000000000004]}"
20210701_4,24.98,67.12,23.809999465942383,North_Nazimabad,2021-07,"{""type"":""Point"",""coordinates"":[67.12,24.98]}"
20210701_5,24.89,67.13,26.799999237060547,Gulistan_Jauhar,2021-07,"{""type"":""Point"",""coordinates"":[67.13,24.89]}"
20210701_6,24.81,66.99,18.459999084472656,Landhi,2021-07,"{""type"":""Point"",""coordinates"":[66.99000000000001,24.809999999999995]}"
20210701_7,24.92,67.05,41.849998474121094,Federal_B_Area,2021-07,"{""type"":""Point"",""coordinates"":[67.05,24.92]}"
20210801_0,24.9056,67.0822,22.43000030517578,Gulshan-e-Iqbal,2021-08,"{""type"":""Point"",""coordinates"":[67.0822,24.9056]}"
20210801_1,24.856,67.01,62.02000045776367,Saddar,2021-08,"{""type"":""Point"",""coordinates"":[67.01,24.856]}"
20210801_2,24.94,66.98,20.209999084472656,SITE_Industrial,2021-08,"{""type"":""Point"",""coordinates"":[66.98,24.94]}"
20210801_3,24.82,67.03,29.719999313354492,Korangi_Industrial,2021-08,"{""type"":""Point"",""coordinates"":[67.03,24.820000000000004]}"
20210801_4,24.98,67.12,9.869999885559082,North_Nazimabad,2021-08,"{""type"":""Point"",""coordinates"":[67.12,24.98]}"
20210801_5,24.89,67.13,8.100000381469727,Gulistan_Jauhar,2021-08,"{""type"":""Point"",""coordinates"":[67.13,24.89]}"
20210801_6,24.81,66.99,59.779998779296875,Landhi,2021-08,"{""type"":""Point"",""coordinates"":[66.99000000000001,24.809999999999995]}"
20210801_7,24.92,67.05,13.65999984741211,Federal_B_Area,2021-08,"{""type"":""Point"",""coordinates"":[67.05,24.92]}"
20210901_0,24.9056,67.0822,43.72999954223633,Gulshan-e-Iqbal,2021-09,"{""type"":""Point"",""coordinates"":[67.0822,24.9056]}"
20210901_1,24.856,67.01,209.63999938964844,Saddar,2021-09,"{""type"":""Point"",""coordinates"":[67.01,24.856]}"
20210901_2,24.94,66.98,19.440000534057617,SITE_Industrial,2021-09,"{""type"":""Point"",""coordinates"":[66.98,24.94]}"
20210901_3,24.82,67.03,44.779998779296875,Korangi_Industrial,2021-09,"{""type"":""Point"",""coordinates"":[67.03,24.820000000000004]}"
20210901_4,24.98,67.12,15.010000228881836,North_Nazimabad,2021-09,"{""type"":""Point"",""coordinates"":[67.12,24.98]}"
20210901_5,24.89,67.13,27.540000915527344,Gulistan_Jauhar,2021-09,"{""type"":""Point"",""coordinates"":[67.13,24.89]}"
20210901_6,24.81,66.99,33.86000061035156,Landhi,2021-09,"{""type"":""Point"",""coordinates"":[66.99000000000001,24.809999999999995]}"
20210901_7,24.92,67.05,42.650001525878906,Federal_B_Area,2021-09,"{""type"":""Point"",""coordinates"":[67.05,24.92]}"
20211001_0,24.9056,67.0822,61.939998626708984,Gulshan-e-Iqbal,2021-10,"{""type"":""Point"",""coordinates"":[67.0822,24.9056]}"
20211001_1,24.856,67.01,98.4000015258789,Saddar,2021-10,"{""type"":""Point"",""coordinates"":[67.01,24.856]}"
20211001_2,24.94,66.98,18.729999542236328,SITE_Industrial,2021-10,"{""type"":""Point"",""coordinates"":[66.98,24.94]}"
20211001_3,24.82,67.03,64.93000030517578,Korangi_Industrial,2021-10,"{""type"":""Point"",""coordinates"":[67.03,24.820000000000004]}"
20211001_4,24.98,67.12,18.34000015258789,North_Nazimabad,2021-10,"{""type"":""Point"",""coordinates"":[67.12,24.98]}"
20211001_5,24.89,67.13,26.280000686645508,Gulistan_Jauhar,2021-10,"{""type"":""Point"",""coordinates"":[67.13,24.89]}"
20211001_6,24.81,66.99,39.779998779296875,Landhi,2021-10,"{""type"":""Point"",""coordinates"":[66.99000000000001,24.809999999999995]}"
20211001_7,24.92,67.05,60.150001525878906,Federal_B_Area,2021-10,"{""type"":""Point"",""coordinates"":[67.05,24.92]}"
20211101_0,24.9056,67.0822,61.40999984741211,Gulshan-e-Iqbal,2021-11,"{""type"":""Point"",""coordinates"":[67.0822,24.9056]}"
20211101_1,24.856,67.01,92.0999984741211,Saddar,2021-11,"{""type"":""Point"",""coordinates"":[67.01,24.856]}"
20211101_2,24.94,66.98,18.770000457763672,SITE_Industrial,2021-11,"{""type"":""Point"",""coordinates"":[66.98,24.94]}"
20211101_3,24.82,67.03,63.70000076293945,Korangi_Industrial,2021-11,"{""type"":""Point"",""coordinates"":[67.03,24.820000000000004]}"
20211101_4,24.98,67.12,18.68000030517578,North_Nazimabad,2021-11,"{""type"":""Point"",""coordinates"":[67.12,24.98]}"
20211101_5,24.89,67.13,25.09000015258789,Gulistan_Jauhar,2021-11,"{""type"":""Point"",""coordinates"":[67.13,24.89]}"
20211101_6,24.81,66.99,25.709999084472656,Landhi,2021-11,"{""type"":""Point"",""coordinates"":[66.99000000000001,24.809999999999995]}"
20211101_7,24.92,67.05,53.220001220703125,Federal_B_Area,2021-11,"{""type"":""Point"",""coordinates"":[67.05,24.92]}"
20211201_0,24.9056,67.0822,67.87999725341797,Gulshan-e-Iqbal,2021-12,"{""type"":""Point"",""coordinates"":[67.0822,24.9056]}"
20211201_1,24.856,67.01,96.01000213623047,Saddar,2021-12,"{""type"":""Point"",""coordinates"":[67.01,24.856]}"
20211201_2,24.94,66.98,22.450000762939453,SITE_Industrial,2021-12,"{""type"":""Point"",""coordinates"":[66.98,24.94]}"
20211201_3,24.82,67.03,70.56999969482422,Korangi_Industrial,2021-12,"{""type"":""Point"",""coordinates"":[67.03,24.820000000000004]}"
20211201_4,24.98,67.12,21.969999313354492,North_Nazimabad,2021-12,"{""type"":""Point"",""coordinates"":[67.12,24.98]}"
20211201_5,24.89,67.13,25.479999542236328,Gulistan_Jauhar,2021-12,"{""type"":""Point"",""coordinates"":[67.13,24.89]}"
20211201_6,24.81,66.99,30.940000534057617,Landhi,2021-12,"{""type"":""Point"",""coordinates"":[66.99000000000001,24.809999999999995]}"
20211201_7,24.92,67.05,57.209999084472656,Federal_B_Area,2021-12,"{""type"":""Point"",""coordinates"":[67.05,24.92]}"
20220101_0,24.9056,67.0822,67.26000213623047,Gulshan-e-Iqbal,2022-01,"{""type"":""Point"",""coordinates"":[67.0822,24.9056]}"
20220101_1,24.856,67.01,94.3499984741211,Saddar,2022-01,"{""type"":""Point"",""coordinates"":[67.01,24.856]}"
20220101_2,24.94,66.98,20.81999969482422,SITE_Industrial,2022-01,"{""type"":""Point"",""coordinates"":[66.98,24.94]}"
20220101_3,24.82,67.03,60.97999954223633,Korangi_Industrial,2022-01,"{""type"":""Point"",""coordinates"":[67.03,24.820000000000004]}"
20220101_4,24.98,67.12,18.510000228881836,North_Nazimabad,2022-01,"{""type"":""Point"",""coordinates"":[67.12,24.98]}"
20220101_5,24.89,67.13,25.920000076293945,Gulistan_Jauhar,2022-01,"{""type"":""Point"",""coordinates"":[67.13,24.89]}"
20220101_6,24.81,66.99,32.93000030517578,Landhi,2022-01,"{""type"":""Point"",""coordinates"":[66.99000000000001,24.809999999999995]}"
20220101_7,24.92,67.05,47.150001525878906,Federal_B_Area,2022-01,"{""type"":""Point"",""coordinates"":[67.05,24.92]}"
20220201_0,24.9056,67.0822,72.12999725341797,Gulshan-e-Iqbal,2022-02,"{""type"":""Point"",""coordinates"":[67.0822,24.9056]}"
20220201_1,24.856,67.01,109.7699966430664,Saddar,2022-02,"{""type"":""Point"",""coordinates"":[67.01,24.856]}"
20220201_2,24.94,66.98,25.270000457763672,SITE_Industrial,2022-02,"{""type"":""Point"",""coordinates"":[66.98,24.94]}"
20220201_3,24.82,67.03,77.62000274658203,Korangi_Industrial,2022-02,"{""type"":""Point"",""coordinates"":[67.03,24.820000000000004]}"
20220201_4,24.98,67.12,24.860000610351562,North_Nazimabad,2022-02,"{""type"":""Point"",""coordinates"":[67.12,24.98]}"
20220201_5,24.89,67.13,39.209999084472656,Gulistan_Jauhar,2022-02,"{""type"":""Point"",""coordinates"":[67.13,24.89]}"
20220201_6,24.81,66.99,49.47999954223633,Landhi,2022-02,"{""type"":""Point"",""coordinates"":[66.99000000000001,24.809999999999995]}"
20220201_7,24.92,67.05,56.5099983215332,Federal_B_Area,2022-02,"{""type"":""Point"",""coordinates"":[67.05,24.92]}"
20220301_0,24.9056,67.0822,69.61000061035156,Gulshan-e-Iqbal,2022-03,"{""type"":""Point"",""coordinates"":[67.0822,24.9056]}"
20220301_1,24.856,67.01,93.41999816894531,Saddar,2022-03,"{""type"":""Point"",""coordinates"":[67.01,24.856]}"
20220301_2,24.94,66.98,26.469999313354492,SITE_Industrial,2022-03,"{""type"":""Point"",""coordinates"":[66.98,24.94]}"
20220301_3,24.82,67.03,72.36000061035156,Korangi_Industrial,2022-03,"{""type"":""Point"",""coordinates"":[67.03,24.820000000000004]}"
20220301_4,24.98,67.12,27.229999542236328,North_Nazimabad,2022-03,"{""type"":""Point"",""coordinates"":[67.12,24.98]}"
20220301_5,24.89,67.13,29.530000686645508,Gulistan_Jauhar,2022-03,"{""type"":""Point"",""coordinates"":[67.13,24.89]}"
20220301_6,24.81,66.99,42.43000030517578,Landhi,2022-03,"{""type"":""Point"",""coordinates"":[66.99000000000001,24.809999999999995]}"
20220301_7,24.92,67.05,57.7400016784668,Federal_B_Area,2022-03,"{""type"":""Point"",""coordinates"":[67.05,24.92]}"
20220401_0,24.9056,67.0822,87.6500015258789,Gulshan-e-Iqbal,2022-04,"{""type"":""Point"",""coordinates"":[67.0822,24.9056]}"
20220401_1,24.856,67.01,135.11000061035156,Saddar,2022-04,"{""type"":""Point"",""coordinates"":[67.01,24.856]}"
20220401_2,24.94,66.98,26.540000915527344,SITE_Industrial,2022-04,"{""type"":""Point"",""coordinates"":[66.98,24.94]}"
20220401_3,24.82,67.03,71.91000366210938,Korangi_Industrial,2022-04,"{""type"":""Point"",""coordinates"":[67.03,24.820000000000004]}"
20220401_4,24.98,67.12,30.049999237060547,North_Nazimabad,2022-04,"{""type"":""Point"",""coordinates"":[67.12,24.98]}"
20220401_5,24.89,67.13,33.439998626708984,Gulistan_Jauhar,2022-04,"{""type"":""Point"",""coordinates"":[67.13,24.89]}"
20220401_6,24.81,66.99,44.93000030517578,Landhi,2022-04,"{""type"":""Point"",""coordinates"":[66.99000000000001,24.809999999999995]}"
20220401_7,24.92,67.05,70.30000305175781,Federal_B_Area,2022-04,"{""type"":""Point"",""coordinates"":[67.05,24.92]}"
20220501_0,24.9056,67.0822,60.400001525878906,Gulshan-e-Iqbal,2022-05,"{""type"":""Point"",""coordinates"":[67.0822,24.9056]}"
20220501_1,24.856,67.01,90.31999969482422,Saddar,2022-05,"{""type"":""Point"",""coordinates"":[67.01,24.856]}"
20220501_2,24.94,66.98,22.329999923706055,SITE_Industrial,2022-05,"{""type"":""Point"",""coordinates"":[66.98,24.94]}"
20220501_3,24.82,67.03,57.099998474121094,Korangi_Industrial,2022-05,"{""type"":""Point"",""coordinates"":[67.03,24.820000000000004]}"
20220501_4,24.98,67.12,28.09000015258789,North_Nazimabad,2022-05,"{""type"":""Point"",""coordinates"":[67.12,24.98]}"
20220501_5,24.89,67.13,28.75,Gulistan_Jauhar,2022-05,"{""type"":""Point"",""coordinates"":[67.13,24.89]}"
20220501_6,24.81,66.99,33.970001220703125,Landhi,2022-05,"{""type"":""Point"",""coordinates"":[66.99000000000001,24.809999999999995]}"
20220501_7,24.92,67.05,58.0,Federal_B_Area,2022-05,"{""type"":""Point"",""coordinates"":[67.05,24.92]}"
20220601_0,24.9056,67.0822,59.65999984741211,Gulshan-e-Iqbal,2022-06,"{""type"":""Point"",""coordinates"":[67.0822,24.9056]}"
20220601_1,24.856,67.01,73.22000122070312,Saddar,2022-06,"{""type"":""Point"",""coordinates"":[67.01,24.856]}"
20220601_2,24.94,66.98,20.1299991607666,SITE_Industrial,2022-06,"{""type"":""Point"",""coordinates"":[66.98,24.94]}"
20220601_3,24.82,67.03,55.38999938964844,Korangi_Industrial,2022-06,"{""type"":""Point"",""coordinates"":[67.03,24.820000000000004]}"
20220601_4,24.98,67.12,23.049999237060547,North_Nazimabad,2022-06,"{""type"":""Point"",""coordinates"":[67.12,24.98]}"
20220601_5,24.89,67.13,28.31999969482422,Gulistan_Jauhar,2022-06,"{""type"":""Point"",""coordinates"":[67.13,24.89]}"
20220601_6,24.81,66.99,38.45000076293945,Landhi,2022-06,"{""type"":""Point"",""coordinates"":[66.99000000000001,24.809999999999995]}"
20220601_7,24.92,67.05,49.439998626708984,Federal_B_Area,2022-06,"{""type"":""Point"",""coordinates"":[67.05,24.92]}"
20220701_0,24.9056,67.0822,0.0,Gulshan-e-Iqbal,2022-07,"{""type"":""Point"",""coordinates"":[67.0822,24.9056]}"
20220701_1,24.856,67.01,0.0,Saddar,2022-07,"{""type"":""Point"",""coordinates"":[67.01,24.856]}"
20220701_2,24.94,66.98,0.0,SITE_Industrial,2022-07,"{""type"":""Point"",""coordinates"":[66.98,24.94]}"
20220701_3,24.82,67.03,0.0,Korangi_Industrial,2022-07,"{""type"":""Point"",""coordinates"":[67.03,24.820000000000004]}"
20220701_4,24.98,67.12,0.0,North_Nazimabad,2022-07,"{""type"":""Point"",""coordinates"":[67.12,24.98]}"
20220701_5,24.89,67.13,0.0,Gulistan_Jauhar,2022-07,"{""type"":""Point"",""coordinates"":[67.13,24.89]}"
20220701_6,24.81,66.99,0.0,Landhi,2022-07,"{""type"":""Point"",""coordinates"":[66.99000000000001,24.809999999999995]}"
20220701_7,24.92,67.05,0.0,Federal_B_Area,2022-07,"{""type"":""Point"",""coordinates"":[67.05,24.92]}"
20220801_0,24.9056,67.0822,39.400001525878906,Gulshan-e-Iqbal,2022-08,"{""type"":""Point"",""coordinates"":[67.0822,24.9056]}"
20220801_1,24.856,67.01,56.06999969482422,Saddar,2022-08,"{""type"":""Point"",""coordinates"":[67.01,24.856]}"
20220801_2,24.94,66.98,13.15999984741211,SITE_Industrial,2022-08,"{""type"":""Point"",""coordinates"":[66.98,24.94]}"
20220801_3,24.82,67.03,41.540000915527344,Korangi_Industrial,2022-08,"{""type"":""Point"",""coordinates"":[67.03,24.820000000000004]}"
20220801_4,24.98,67.12,21.149999618530273,North_Nazimabad,2022-08,"{""type"":""Point"",""coordinates"":[67.12,24.98]}"
20220801_5,24.89,67.13,15.079999923706055,Gulistan_Jauhar,2022-08,"{""type"":""Point"",""coordinates"":[67.13,24.89]}"
20220801_6,24.81,66.99,37.70000076293945,Landhi,2022-08,"{""type"":""Point"",""coordinates"":[66.99000000000001,24.809999999999995]}"
20220801_7,24.92,67.05,34.90999984741211,Federal_B_Area,2022-08,"{""type"":""Point"",""coordinates"":[67.05,24.92]}"
20220901_0,24.9056,67.0822,55.439998626708984,Gulshan-e-Iqbal,2022-09,"{""type"":""Point"",""coordinates"":[67.0822,24.9056]}"
20220901_1,24.856,67.01,72.66000366210938,Saddar,2022-09,"{""type"":""Point"",""coordinates"":[67.01,24.856]}"
20220901_2,24.94,66.98,18.520000457763672,SITE_Industrial,2022-09,"{""type"":""Point"",""coordinates"":[66.98,24.94]}"
20220901_3,24.82,67.03,57.2400016784668,Korangi_Industrial,2022-09,"{""type"":""Point"",""coordinates"":[67.03,24.820000000000004]}"
20220901_4,24.98,67.12,20.670000076293945,North_Nazimabad,2022-09,"{""type"":""Point"",""coordinates"":[67.12,24.98]}"
20220901_5,24.89,67.13,25.280000686645508,Gulistan_Jauhar,2022-09,"{""type"":""Point"",""coordinates"":[67.13,24.89]}"
20220901_6,24.81,66.99,42.189998626708984,Landhi,2022-09,"{""type"":""Point"",""coordinates"":[66.99000000000001,24.809999999999995]}"
20220901_7,24.92,67.05,49.59000015258789,Federal_B_Area,2022-09,"{""type"":""Point"",""coordinates"":[67.05,24.92]}"
20221001_0,24.9056,67.0822,59.06999969482422,Gulshan-e-Iqbal,2022-10,"{""type"":""Point"",""coordinates"":[67.0822,24.9056]}"
20221001_1,24.856,67.01,80.98999786376953,Saddar,2022-10,"{""type"":""Point"",""coordinates"":[67.01,24.856]}"
20221001_2,24.94,66.98,21.579999923706055,SITE_Industrial,2022-10,"{""type"":""Point"",""coordinates"":[66.98,24.94]}"
20221001_3,24.82,67.03,59.75,Korangi_Industrial,2022-10,"{""type"":""Point"",""coordinates"":[67.03,24.820000000000004]}"
20221001_4,24.98,67.12,28.139999389648438,North_Nazimabad,2022-10,"{""type"":""Point"",""coordinates"":[67.12,24.98]}"
20221001_5,24.89,67.13,22.15999984741211,Gulistan_Jauhar,2022-10,"{""type"":""Point"",""coordinates"":[67.13,24.89]}"
20221001_6,24.81,66.99,45.11000061035156,Landhi,2022-10,"{""type"":""Point"",""coordinates"":[66.99000000000001,24.809999999999995]}"
20221001_7,24.92,67.05,56.81999969482422,Federal_B_Area,2022-10,"{""type"":""Point"",""coordinates"":[67.05,24.92]}"
20221101_0,24.9056,67.0822,72.0999984741211,Gulshan-e-Iqbal,2022-11,"{""type"":""Point"",""coordinates"":[67.0822,24.9056]}"
20221101_1,24.856,67.01,91.27999877929688,Saddar,2022-11,"{""type"":""Point"",""coordinates"":[67.01,24.856]}"
20221101_2,24.94,66.98,22.950000762939453,SITE_Industrial,2022-11,"{""type"":""Point"",""coordinates"":[66.98,24.94]}"
20221101_3,24.82,67.03,71.76000213623047,Korangi_Industrial,2022-11,"{""type"":""Point"",""coordinates"":[67.03,24.820000000000004]}"
20221101_4,24.98,67.12,30.43000030517578,North_Nazimabad,2022-11,"{""type"":""Point"",""coordinates"":[67.12,24.98]}"
20221101_5,24.89,67.13,27.040000915527344,Gulistan_Jauhar,2022-11,"{""type"":""Point"",""coordinates"":[67.13,24.89]}"
20221101_6,24.81,66.99,48.7400016784668,Landhi,2022-11,"{""type"":""Point"",""coordinates"":[66.99000000000001,24.809999999999995]}"
20221101_7,24.92,67.05,66.66999816894531,Federal_B_Area,2022-11,"{""type"":""Point"",""coordinates"":[67.05,24.92]}"
20221201_0,24.9056,67.0822,77.97000122070312,Gulshan-e-Iqbal,2022-12,"{""type"":""Point"",""coordinates"":[67.0822,24.9056]}"
20221201_1,24.856,67.01,88.63999938964844,Saddar,2022-12,"{""type"":""Point"",""coordinates"":[67.01,24.856]}"
20221201_2,24.94,66.98,24.209999084472656,SITE_Industrial,2022-12,"{""type"":""Point"",""coordinates"":[66.98,24.94]}"
20221201_3,24.82,67.03,77.76000213623047,Korangi_Industrial,2022-12,"{""type"":""Point"",""coordinates"":[67.03,24.820000000000004]}"
20221201_4,24.98,67.12,29.020000457763672,North_Nazimabad,2022-12,"{""type"":""Point"",""coordinates"":[67.12,24.98]}"
20221201_5,24.89,67.13,29.09000015258789,Gulistan_Jauhar,2022-12,"{""type"":""Point"",""coordinates"":[67.13,24.89]}"
20221201_6,24.81,66.99,42.400001525878906,Landhi,2022-12,"{""type"":""Point"",""coordinates"":[66.99000000000001,24.809999999999995]}"
20221201_7,24.92,67.05,74.43000030517578,Federal_B_Area,2022-12,"{""type"":""Point"",""coordinates"":[67.05,24.92]}"
20230101_0,24.9056,67.0822,78.79000091552734,Gulshan-e-Iqbal,2023-01,"{""type"":""Point"",""coordinates"":[67.0822,24.9056]}"
20230101_1,24.856,67.01,104.12000274658203,Saddar,2023-01,"{""type"":""Point"",""coordinates"":[67.01,24.856]}"
20230101_2,24.94,66.98,25.010000228881836,SITE_Industrial,2023-01,"{""type"":""Point"",""coordinates"":[66.98,24.94]}"
20230101_3,24.82,67.03,73.08000183105469,Korangi_Industrial,2023-01,"{""type"":""Point"",""coordinates"":[67.03,24.820000000000004]}"
20230101_4,24.98,67.12,18.93000030517578,North_Nazimabad,2023-01,"{""type"":""Point"",""coordinates"":[67.12,24.98]}"
20230101_5,24.89,67.13,27.260000228881836,Gulistan_Jauhar,2023-01,"{""type"":""Point"",""coordinates"":[67.13,24.89]}"
20230101_6,24.81,66.99,34.439998626708984,Landhi,2023-01,"{""type"":""Point"",""coordinates"":[66.99000000000001,24.809999999999995]}"
20230101_7,24.92,67.05,64.63999938964844,Federal_B_Area,2023-01,"{""type"":""Point"",""coordinates"":[67.05,24.92]}"
20230201_0,24.9056,67.0822,81.36000061035156,Gulshan-e-Iqbal,2023-02,"{""type"":""Point"",""coordinates"":[67.0822,24.9056]}"
20230201_1,24.856,67.01,87.20999908447266,Saddar,2023-02,"{""type"":""Point"",""coordinates"":[67.01,24.856]}"
20230201_2,24.94,66.98,21.0,SITE_Industrial,2023-02,"{""type"":""Point"",""coordinates"":[66.98,24.94]}"
20230201_3,24.82,67.03,65.68000030517578,Korangi_Industrial,2023-02,"{""type"":""Point"",""coordinates"":[67.03,24.820000000000004]}"
20230201_4,24.98,67.12,18.979999542236328,North_Nazimabad,2023-02,"{""type"":""Point"",""coordinates"":[67.12,24.98]}"
20230201_5,24.89,67.13,29.010000228881836,Gulistan_Jauhar,2023-02,"{""type"":""Point"",""coordinates"":[67.13,24.89]}"
20230201_6,24.81,66.99,23.690000534057617,Landhi,2023-02,"{""type"":""Point"",""coordinates"":[66.99000000000001,24.809999999999995]}"
20230201_7,24.92,67.05,53.61000061035156,Federal_B_Area,2023-02,"{""type"":""Point"",""coordinates"":[67.05,24.92]}"
20230301_0,24.9056,67.0822,83.83000183105469,Gulshan-e-Iqbal,2023-03,"{""type"":""Point"",""coordinates"":[67.0822,24.9056]}"
20230301_1,24.856,67.01,106.30999755859375,Saddar,2023-03,"{""type"":""Point"",""coordinates"":[67.01,24.856]}"
20230301_2,24.94,66.98,27.360000610351562,SITE_Industrial,2023-03,"{""type"":""Point"",""coordinates"":[66.98,24.94]}"
20230301_3,24.82,67.03,65.16999816894531,Korangi_Industrial,2023-03,"{""type"":""Point"",""coordinates"":[67.03,24.820000000000004]}"
20230301_4,24.98,67.12,24.290000915527344,North_Nazimabad,2023-03,"{""type"":""Point"",""coordinates"":[67.12,24.98]}"
20230301_5,24.89,67.13,25.350000381469727,Gulistan_Jauhar,2023-03,"{""type"":""Point"",""coordinates"":[67.13,24.89]}"
20230301_6,24.81,66.99,42.70000076293945,Landhi,2023-03,"{""type"":""Point"",""coordinates"":[66.99000000000001,24.809999999999995]}"
20230301_7,24.92,67.05,74.66000366210938,Federal_B_Area,2023-03,"{""type"":""Point"",""coordinates"":[67.05,24.92]}"
20230401_0,24.9056,67.0822,87.44000244140625,Gulshan-e-Iqbal,2023-04,"{""type"":""Point"",""coordinates"":[67.0822,24.9056]}"
20230401_1,24.856,67.01,103.76000213623047,Saddar,2023-04,"{""type"":""Point"",""coordinates"":[67.01,24.856]}"
20230401_2,24.94,66.98,28.010000228881836,SITE_Industrial,2023-04,"{""type"":""Point"",""coordinates"":[66.98,24.94]}"
20230401_3,24.82,67.03,73.70999908447266,Korangi_Industrial,2023-04,"{""type"":""Point"",""coordinates"":[67.03,24.820000000000004]}"
20230401_4,24.98,67.12,25.989999771118164,North_Nazimabad,2023-04,"{""type"":""Point"",""coordinates"":[67.12,24.98]}"
20230401_5,24.89,67.13,29.15999984741211,Gulistan_Jauhar,2023-04,"{""type"":""Point"",""coordinates"":[67.13,24.89]}"
20230401_6,24.81,66.99,36.93000030517578,Landhi,2023-04,"{""type"":""Point"",""coordinates"":[66.99000000000001,24.809999999999995]}"
20230401_7,24.92,67.05,75.69000244140625,Federal_B_Area,2023-04,"{""type"":""Point"",""coordinates"":[67.05,24.92]}"
20230501_0,24.9056,67.0822,58.970001220703125,Gulshan-e-Iqbal,2023-05,"{""type"":""Point"",""coordinates"":[67.0822,24.9056]}"
20230501_1,24.856,67.01,74.66000366210938,Saddar,2023-05,"{""type"":""Point"",""coordinates"":[67.01,24.856]}"
20230501_2,24.94,66.98,22.020000457763672,SITE_Industrial,2023-05,"{""type"":""Point"",""coordinates"":[66.98,24.94]}"
20230501_3,24.82,67.03,63.439998626708984,Korangi_Industrial,2023-05,"{""type"":""Point"",""coordinates"":[67.03,24.820000000000004]}"
20230501_4,24.98,67.12,19.459999084472656,North_Nazimabad,2023-05,"{""type"":""Point"",""coordinates"":[67.12,24.98]}"
20230501_5,24.89,67.13,25.860000610351562,Gulistan_Jauhar,2023-05,"{""type"":""Point"",""coordinates"":[67.13,24.89]}"
20230501_6,24.81,66.99,28.34000015258789,Landhi,2023-05,"{""type"":""Point"",""coordinates"":[66.99000000000001,24.809999999999995]}"
20230501_7,24.92,67.05,55.06999969482422,Federal_B_Area,2023-05,"{""type"":""Point"",""coordinates"":[67.05,24.92]}"
20230601_0,24.9056,67.0822,54.279998779296875,Gulshan-e-Iqbal,2023-06,"{""type"":""Point"",""coordinates"":[67.0822,24.9056]}"
20230601_1,24.856,67.01,76.81999969482422,Saddar,2023-06,"{""type"":""Point"",""coordinates"":[67.01,24.856]}"
20230601_2,24.94,66.98,14.65999984741211,SITE_Industrial,2023-06,"{""type"":""Point"",""coordinates"":[66.98,24.94]}"
20230601_3,24.82,67.03,53.119998931884766,Korangi_Industrial,2023-06,"{""type"":""Point"",""coordinates"":[67.03,24.820000000000004]}"
20230601_4,24.98,67.12,14.569999694824219,North_Nazimabad,2023-06,"{""type"":""Point"",""coordinates"":[67.12,24.98]}"
20230601_5,24.89,67.13,22.260000228881836,Gulistan_Jauhar,2023-06,"{""type"":""Point"",""coordinates"":[67.13,24.89]}"
20230601_6,24.81,66.99,31.219999313354492,Landhi,2023-06,"{""type"":""Point"",""coordinates"":[66.99000000000001,24.809999999999995]}"
20230601_7,24.92,67.05,39.959999084472656,Federal_B_Area,2023-06,"{""type"":""Point"",""coordinates"":[67.05,24.92]}"
20230701_0,24.9056,67.0822,47.40999984741211,Gulshan-e-Iqbal,2023-07,"{""type"":""Point"",""coordinates"":[67.0822,24.9056]}"
20230701_1,24.856,67.01,54.209999084472656,Saddar,2023-07,"{""type"":""Point"",""coordinates"":[67.01,24.856]}"
20230701_2,24.94,66.98,17.309999465942383,SITE_Industrial,2023-07,"{""type"":""Point"",""coordinates"":[66.98,24.94]}"
20230701_3,24.82,67.03,52.08000183105469,Korangi_Industrial,2023-07,"{""type"":""Point"",""coordinates"":[67.03,24.820000000000004]}"
20230701_4,24.98,67.12,16.5,North_Nazimabad,2023-07,"{""type"":""Point"",""coordinates"":[67.12,24.98]}"
20230701_5,24.89,67.13,21.399999618530273,Gulistan_Jauhar,2023-07,"{""type"":""Point"",""coordinates"":[67.13,24.89]}"
20230701_6,24.81,66.99,25.43000030517578,Landhi,2023-07,"{""type"":""Point"",""coordinates"":[66.99000000000001,24.809999999999995]}"
20230701_7,24.92,67.05,38.13999938964844,Federal_B_Area,2023-07,"{""type"":""Point"",""coordinates"":[67.05,24.92]}"
20230801_0,24.9056,67.0822,37.5,Gulshan-e-Iqbal,2023-08,"{""type"":""Point"",""coordinates"":[67.0822,24.9056]}"
20230801_1,24.856,67.01,41.5099983215332,Saddar,2023-08,"{""type"":""Point"",""coordinates"":[67.01,24.856]}"
20230801_2,24.94,66.98,16.209999084472656,SITE_Industrial,2023-08,"{""type"":""Point"",""coordinates"":[66.98,24.94]}"
20230801_3,24.82,67.03,33.09000015258789,Korangi_Industrial,2023-08,"{""type"":""Point"",""coordinates"":[67.03,24.820000000000004]}"
20230801_4,24.98,67.12,13.710000038146973,North_Nazimabad,2023-08,"{""type"":""Point"",""coordinates"":[67.12,24.98]}"
20230801_5,24.89,67.13,19.899999618530273,Gulistan_Jauhar,2023-08,"{""type"":""Point"",""coordinates"":[67.13,24.89]}"
20230801_6,24.81,66.99,22.3700008392334,Landhi,2023-08,"{""type"":""Point"",""coordinates"":[66.99000000000001,24.809999999999995]}"
20230801_7,24.92,67.05,36.61000061035156,Federal_B_Area,2023-08,"{""type"":""Point"",""coordinates"":[67.05,24.92]}"
20230901_0,24.9056,67.0822,58.52000045776367,Gulshan-e-Iqbal,2023-09,"{""type"":""Point"",""coordinates"":[67.0822,24.9056]}"
20230901_1,24.856,67.01,70.83000183105469,Saddar,2023-09,"{""type"":""Point"",""coordinates"":[67.01,24.856]}"
20230901_2,24.94,66.98,19.469999313354492,SITE_Industrial,2023-09,"{""type"":""Point"",""coordinates"":[66.98,24.94]}"
20230901_3,24.82,67.03,43.720001220703125,Korangi_Industrial,2023-09,"{""type"":""Point"",""coordinates"":[67.03,24.820000000000004]}"
20230901_4,24.98,67.12,15.75,North_Nazimabad,2023-09,"{""type"":""Point"",""coordinates"":[67.12,24.98]}"
20230901_5,24.89,67.13,24.8700008392334,Gulistan_Jauhar,2023-09,"{""type"":""Point"",""coordinates"":[67.13,24.89]}"
20230901_6,24.81,66.99,30.0,Landhi,2023-09,"{""type"":""Point"",""coordinates"":[66.99000000000001,24.809999999999995]}"
20230901_7,24.92,67.05,47.27000045776367,Federal_B_Area,2023-09,"{""type"":""Point"",""coordinates"":[67.05,24.92]}"
20231001_0,24.9056,67.0822,64.25,Gulshan-e-Iqbal,2023-10,"{""type"":""Point"",""coordinates"":[67.0822,24.9056]}"
20231001_1,24.856,67.01,70.62999725341797,Saddar,2023-10,"{""type"":""Point"",""coordinates"":[67.01,24.856]}"
20231001_2,24.94,66.98,20.899999618530273,SITE_Industrial,2023-10,"{""type"":""Point"",""coordinates"":[66.98,24.94]}"
20231001_3,24.82,67.03,59.779998779296875,Korangi_Industrial,2023-10,"{""type"":""Point"",""coordinates"":[67.03,24.820000000000004]}"
20231001_4,24.98,67.12,22.020000457763672,North_Nazimabad,2023-10,"{""type"":""Point"",""coordinates"":[67.12,24.98]}"
20231001_5,24.89,67.13,26.6299991607666,Gulistan_Jauhar,2023-10,"{""type"":""Point"",""coordinates"":[67.13,24.89]}"
20231001_6,24.81,66.99,35.099998474121094,Landhi,2023-10,"{""type"":""Point"",""coordinates"":[66.99000000000001,24.809999999999995]}"
20231001_7,24.92,67.05,45.79999923706055,Federal_B_Area,2023-10,"{""type"":""Point"",""coordinates"":[67.05,24.92]}"
20231101_0,24.9056,67.0822,67.91000366210938,Gulshan-e-Iqbal,2023-11,"{""type"":""Point"",""coordinates"":[67.0822,24.9056]}"
20231101_1,24.856,67.01,83.91999816894531,Saddar,2023-11,"{""type"":""Point"",""coordinates"":[67.01,24.856]}"
20231101_2,24.94,66.98,20.639999389648438,SITE_Industrial,2023-11,"{""type"":""Point"",""coordinates"":[66.98,24.94]}"
20231101_3,24.82,67.03,61.45000076293945,Korangi_Industrial,2023-11,"{""type"":""Point"",""coordinates"":[67.03,24.820000000000004]}"
20231101_4,24.98,67.12,20.469999313354492,North_Nazimabad,2023-11,"{""type"":""Point"",""coordinates"":[67.12,24.98]}"
20231101_5,24.89,67.13,26.799999237060547,Gulistan_Jauhar,2023-11,"{""type"":""Point"",""coordinates"":[67.13,24.89]}"
20231101_6,24.81,66.99,37.04999923706055,Landhi,2023-11,"{""type"":""Point"",""coordinates"":[66.99000000000001,24.809999999999995]}"
20231101_7,24.92,67.05,56.220001220703125,Federal_B_Area,2023-11,"{""type"":""Point"",""coordinates"":[67.05,24.92]}"
20231201_0,24.9056,67.0822,79.11000061035156,Gulshan-e-Iqbal,2023-12,"{""type"":""Point"",""coordinates"":[67.0822,24.9056]}"
20231201_1,24.856,67.01,95.33999633789062,Saddar,2023-12,"{""type"":""Point"",""coordinates"":[67.01,24.856]}"
20231201_2,24.94,66.98,21.68000030517578,SITE_Industrial,2023-12,"{""type"":""Point"",""coordinates"":[66.98,24.94]}"
20231201_3,24.82,67.03,68.94999694824219,Korangi_Industrial,2023-12,"{""type"":""Point"",""coordinates"":[67.03,24.820000000000004]}"
20231201_4,24.98,67.12,18.520000457763672,North_Nazimabad,2023-12,"{""type"":""Point"",""coordinates"":[67.12,24.98]}"
20231201_5,24.89,67.13,34.93000030517578,Gulistan_Jauhar,2023-12,"{""type"":""Point"",""coordinates"":[67.13,24.89]}"
20231201_6,24.81,66.99,49.2400016784668,Landhi,2023-12,"{""type"":""Point"",""coordinates"":[66.99000000000001,24.809999999999995]}"
20231201_7,24.92,67.05,63.02000045776367,Federal_B_Area,2023-12,"{""type"":""Point"",""coordinates"":[67.05,24.92]}"
